{
  "train_loss": [
    5.67238718477025,
    2.7600086815419957,
    2.681793074525671,
    2.5743375832735564,
    2.5911934701574646,
    2.518551408284783,
    2.1708442669167165,
    2.410410693526276,
    2.351126935036964,
    2.399201393020187,
    2.3960612670867625,
    1.9363841616736415,
    1.7669026384848752,
    1.6780089147804815,
    1.6616324493384504,
    1.793345029827809,
    1.6199456933659406,
    1.538214976954901,
    1.6174986374645899,
    1.7504682117836887,
    1.3939967737081285,
    1.5846408077283156,
    1.602677014517589,
    1.5889020342242068,
    1.2076109433768691,
    1.8399293120976468,
    1.4366608457466665
  ],
  "val_loss": [
    2.572227869123573,
    2.643040211314248,
    2.486299670312431,
    2.5060380259268658,
    2.4485422351365846,
    2.5116937912717874,
    2.742280073945075,
    2.43490576575013,
    2.376958171767512,
    2.2578515651216837,
    2.139560111570632,
    2.531143104105126,
    2.9122422757559665,
    2.7256707236584696,
    3.0081613650548995,
    2.4750973353281767,
    1.9792426164822163,
    2.2378162989133052,
    3.0794814195928475,
    2.1869640416082383,
    2.583067609197531,
    2.8418210989676984,
    2.4023211393669035,
    2.3396060084261987,
    2.360568603667082,
    2.8390925176301236,
    2.309529386465801
  ],
  "train_cascade_acc": [
    0.6160714280213648,
    0.5178571423947704,
    0.5267857138153699,
    0.5267857138153699,
    0.5535714280771684,
    0.5267857138153699,
    0.4464285710299745,
    0.4642857138711735,
    0.508928570974171,
    0.49107142813297194,
    0.5446428566565689,
    0.7946428564333546,
    0.9642857134247449,
    0.9017857134805485,
    0.87499999921875,
    0.6249999994419643,
    0.8392857135363521,
    0.928571427742347,
    0.8214285706951531,
    0.5267857138153699,
    0.8482142849569516,
    0.7053571422273597,
    0.473214285291773,
    0.6428571422831633,
    0.7142857136479592,
    0.7142857136479592,
    0.5535714280771684
  ],
  "val_cascade_acc": [
    0.49999999791666666,
    0.9583333293402777,
    0.49999999791666666,
    0.49999999791666666,
    0.9583333293402777,
    0.49999999791666666,
    0.9583333293402777,
    0.9583333293402777,
    0.9583333293402777,
    0.9999999958333333,
    0.9999999958333333,
    0.9999999958333333,
    0.9999999958333333,
    0.9999999958333333,
    0.9999999958333333,
    0.9999999958333333,
    0.9999999958333333,
    0.9999999958333333,
    0.9999999958333333,
    0.9999999958333333,
    0.9999999958333333,
    0.9999999958333333,
    0.9999999958333333,
    0.9999999958333333,
    0.9999999958333333,
    0.9999999958333333,
    0.9999999958333333
  ],
  "train_cascade_f1": [
    0.76243089120601,
    0.682352895418688,
    0.6900584335282681,
    0.6900584335282681,
    0.7126436314704747,
    0.6900584335282681,
    0.6172839071787866,
    0.6341462973825134,
    0.674556167515146,
    0.6586825897665776,
    0.7052022656687521,
    0.7676767162534468,
    0.9607842619184955,
    0.886597886959297,
    0.8679244775364926,
    0.3823529091263,
    0.8085105884110486,
    0.9166666148437528,
    0.7560975121058923,
    0.15873014361300186,
    0.8045976512088812,
    0.602409595006535,
    0.032786881913464135,
    0.4871794490795556,
    0.46666662933333597,
    0.6862744633794724,
    0.07407406666666702
  ],
  "val_cascade_f1": [
    0.6666666185185214,
    0.9565216809073751,
    0.6666666185185214,
    0.6666666185185214,
    0.9599999424000027,
    0.6666666185185214,
    0.9565216809073751,
    0.9565216809073751,
    0.9565216809073751,
    0.9999999416666693,
    0.9999999416666693,
    0.9999999416666693,
    0.9999999416666693,
    0.9999999416666693,
    0.9999999416666693,
    0.9999999416666693,
    0.9999999416666693,
    0.9999999416666693,
    0.9999999416666693,
    0.9999999416666693,
    0.9999999416666693,
    0.9999999416666693,
    0.9999999416666693,
    0.9999999416666693,
    0.9999999416666693,
    0.9999999416666693,
    0.9999999416666693
  ],
  "train_cascade_precision": [
    0.6160714280213648,
    0.5178571423947704,
    0.5267857138153699,
    0.5267857138153699,
    0.5535714280771684,
    0.5267857138153699,
    0.4464285710299745,
    0.4642857138711735,
    0.508928570974171,
    0.49107142813297194,
    0.5446428566565689,
    0.8085106365776369,
    0.9999999979591837,
    0.9999999976744186,
    0.999999997826087,
    0.9999999923076924,
    0.999999997368421,
    0.9565217370510397,
    0.9999999967741935,
    0.9999999800000003,
    0.9999999971428571,
    0.999999996,
    0.9999999000000099,
    0.9999999947368421,
    0.9999999928571429,
    0.9999999971428571,
    0.9999999500000026
  ],
  "val_cascade_precision": [
    0.49999999791666666,
    0.9999999909090911,
    0.49999999791666666,
    0.49999999791666666,
    0.9230769159763315,
    0.49999999791666666,
    0.9999999909090911,
    0.9999999909090911,
    0.9999999909090911,
    0.9999999916666668,
    0.9999999916666668,
    0.9999999916666668,
    0.9999999916666668,
    0.9999999916666668,
    0.9999999916666668,
    0.9999999916666668,
    0.9999999916666668,
    0.9999999916666668,
    0.9999999916666668,
    0.9999999916666668,
    0.9999999916666668,
    0.9999999916666668,
    0.9999999916666668,
    0.9999999916666668,
    0.9999999916666668,
    0.9999999916666668,
    0.9999999916666668
  ],
  "train_cascade_recall": [
    0.9999999985507247,
    0.9999999982758621,
    0.9999999983050847,
    0.9999999983050847,
    0.9999999983870967,
    0.9999999983050847,
    0.999999998,
    0.9999999980769231,
    0.999999998245614,
    0.9999999981818182,
    0.9999999983606557,
    0.7307692293639053,
    0.9245283001423994,
    0.7962962948216735,
    0.7666666653888888,
    0.2363636359338843,
    0.6785714273596939,
    0.87999999824,
    0.6078431360630526,
    0.08620689640309155,
    0.6730769217825444,
    0.4310344820154578,
    0.01666666663888889,
    0.32203389775926455,
    0.3043478254253308,
    0.522388058921809,
    0.03846153838757396
  ],
  "val_cascade_recall": [
    0.9999999916666668,
    0.9166666590277779,
    0.9999999916666668,
    0.9999999916666668,
    0.9999999916666668,
    0.9999999916666668,
    0.9166666590277779,
    0.9166666590277779,
    0.9166666590277779,
    0.9999999916666668,
    0.9999999916666668,
    0.9999999916666668,
    0.9999999916666668,
    0.9999999916666668,
    0.9999999916666668,
    0.9999999916666668,
    0.9999999916666668,
    0.9999999916666668,
    0.9999999916666668,
    0.9999999916666668,
    0.9999999916666668,
    0.9999999916666668,
    0.9999999916666668,
    0.9999999916666668,
    0.9999999916666668,
    0.9999999916666668,
    0.9999999916666668
  ],
  "train_node_acc": [
    0.2110320823228584,
    0.6387711864358446,
    0.17796610169356863,
    0.1726694915241172,
    0.41593523002106586,
    0.1735774818388803,
    0.5847457627074398,
    0.22518159806125013,
    0.4421912832896323,
    0.3905871670672625,
    0.3936138014498062,
    0.8496519370395759,
    0.843674334134052,
    0.8422366828023438,
    0.8369400726328924,
    0.8296004842552239,
    0.8333837772334035,
    0.8622124697271322,
    0.8541918886133913,
    0.8208989104054109,
    0.8554782082259724,
    0.832929782076022,
    0.8318704600421317,
    0.8278601694852613,
    0.8776483050781049,
    0.7971398305024429,
    0.8418583535045259
  ],